Id,Code
1,PS_1
2,PS_2
3,PS_3
4,PS_4
5,PS_5
6,PS_6
7,PS_7
8,PS_8
9,PS_9
10,PS_10
11,PS_11
12,PS_12
13,PS_13
14,PS_14
15,PS_15
16,PS_16
17,PS_17
18,PS_18
19,PS_19
20,PS_20
21,PS_21
22,PS_22
23,PS_23
24,PS_24
25,PS_25
26,PS_26
27,PS_27
28,PS_28
29,PS_29
30,PS_30
31,PS_31
32,PS_32
33,PS_33
34,PS_34
35,PS_35
36,PS_36
37,PS_37
38,PS_38
39,PS_39
40,PS_40
41,PS_41
42,PS_42
43,PS_43
44,PS_44
45,PS_45
46,PS_46
47,PS_47
48,PS_48
49,PS_49
50,PS_50
51,PS_51
52,PS_52
53,PS_53
54,PS_54
55,PS_55
56,PS_56
57,PS_57
58,PS_58
59,PS_59
60,PS_60
61,PS_61
62,PS_62
63,PS_63
64,PS_64
65,PS_65
66,PS_66
67,PS_67
68,PS_68
69,PS_69
70,PS_70
71,PS_71
72,PS_72
73,PS_73
74,PS_74
75,PS_75
76,PS_76
77,PS_77
78,PS_78
79,PS_79
80,PS_80
81,PS_81
